{
  "iou_thr": 0.3,
  "gdino_root": "det_cache/grounding_dino_v1_t010",
  "per_cell": {
    "0005/car": {
      "ns_boxes": 1156,
      "gdino_boxes": 1355,
      "matched_ns": 920,
      "recall": 0.7958477508650519,
      "new_gd": 435,
      "new_ratio": 0.3210332103321033,
      "verdict": "FAIL"
    },
    "0005/pedestrian": {
      "ns_boxes": 0,
      "gdino_boxes": 845,
      "matched_ns": 0,
      "recall": NaN,
      "new_gd": 845,
      "new_ratio": 1.0,
      "verdict": "PASS"
    },
    "0011/car": {
      "ns_boxes": 2818,
      "gdino_boxes": 2904,
      "matched_ns": 1943,
      "recall": 0.6894960965223563,
      "new_gd": 961,
      "new_ratio": 0.3309228650137741,
      "verdict": "FAIL"
    },
    "0011/pedestrian": {
      "ns_boxes": 55,
      "gdino_boxes": 1144,
      "matched_ns": 51,
      "recall": 0.9272727272727272,
      "new_gd": 1093,
      "new_ratio": 0.9554195804195804,
      "verdict": "PASS"
    },
    "0013/car": {
      "ns_boxes": 40,
      "gdino_boxes": 744,
      "matched_ns": 37,
      "recall": 0.925,
      "new_gd": 707,
      "new_ratio": 0.9502688172043011,
      "verdict": "PASS"
    },
    "0013/pedestrian": {
      "ns_boxes": 881,
      "gdino_boxes": 5300,
      "matched_ns": 834,
      "recall": 0.9466515323496028,
      "new_gd": 4466,
      "new_ratio": 0.8426415094339622,
      "verdict": "PASS"
    }
  },
  "overall_pass": false
}