{
  "weights": "gmc_link_weights_v1train_stage1.pth",
  "gate_path": "learned_gate_v1train.pt",
  "seqs": [
    "0005",
    "0011",
    "0013"
  ],
  "summary": {
    "raw_pooled_sep": 0.2086901086762752,
    "ana_pooled_sep": 0.33497496703904783,
    "lrn_pooled_sep": 0.20112589529597832,
    "raw_macro_sep": 0.21217301691120322,
    "ana_macro_sep": 0.2297218292951584,
    "lrn_macro_sep": 0.24754485375050342,
    "n_lrn_beats_ana": 15,
    "n_lrn_beats_raw": 19,
    "n_exprs": 33
  },
  "canaries": {
    "braking": {
      "n_exprs": 2,
      "raw_sep": 0.45966504514217377,
      "ana_sep": 0.15788553655147552,
      "lrn_sep": 0.6291509568691254
    },
    "parking_cars_or_vehicles": {
      "n_exprs": 2,
      "raw_sep": -0.019997745752334595,
      "ana_sep": 0.1623704880475998,
      "lrn_sep": 0.07723825424909592
    },
    "turning_cars_or_vehicles": {
      "n_exprs": 2,
      "raw_sep": 0.07629355788230896,
      "ana_sep": 0.342868447303772,
      "lrn_sep": 0.0475882962346077
    },
    "moving_pedestrian": {
      "n_exprs": 1,
      "raw_sep": -0.04302006959915161,
      "ana_sep": 0.16041141748428345,
      "lrn_sep": 0.13107174634933472
    },
    "cars_in_front_of_ours": {
      "n_exprs": 1,
      "raw_sep": 0.46933430433273315,
      "ana_sep": 0.46933430433273315,
      "lrn_sep": 0.5688065886497498
    }
  },
  "verdict": "FAIL",
  "per_expr": [
    {
      "sentence": "cars in front of ours",
      "expr_class": "appearance",
      "n_gt": 295,
      "n_ngt": 868,
      "raw_sep": 0.46933430433273315,
      "ana_sep": 0.46933430433273315,
      "lrn_sep": 0.5688065886497498,
      "raw_gt_mean": 0.4708089530467987,
      "raw_ngt_mean": 0.0014746354427188635,
      "ana_gt_mean": 0.4708089530467987,
      "ana_ngt_mean": 0.0014746354427188635,
      "lrn_gt_mean": 0.382217139005661,
      "lrn_ngt_mean": -0.18658944964408875
    },
    {
      "sentence": "cars in the counter direction of ours",
      "expr_class": "appearance",
      "n_gt": 2218,
      "n_ngt": 2346,
      "raw_sep": 0.1548754721879959,
      "ana_sep": 0.1548754721879959,
      "lrn_sep": 0.1374722272157669,
      "raw_gt_mean": 0.2166370004415512,
      "raw_ngt_mean": 0.0617615282535553,
      "ana_gt_mean": 0.2166370004415512,
      "ana_ngt_mean": 0.0617615282535553,
      "lrn_gt_mean": 0.013554265722632408,
      "lrn_ngt_mean": -0.12391796708106995
    },
    {
      "sentence": "cars in the same direction of ours",
      "expr_class": "appearance",
      "n_gt": 881,
      "n_ngt": 3683,
      "raw_sep": 0.09574681520462036,
      "ana_sep": 0.09574681520462036,
      "lrn_sep": 0.08044078946113586,
      "raw_gt_mean": 0.3414853811264038,
      "raw_ngt_mean": 0.24573856592178345,
      "ana_gt_mean": 0.3414853811264038,
      "ana_ngt_mean": 0.24573856592178345,
      "lrn_gt_mean": 0.45894646644592285,
      "lrn_ngt_mean": 0.378505676984787
    },
    {
      "sentence": "cars which are braking",
      "expr_class": "motion",
      "n_gt": 295,
      "n_ngt": 868,
      "raw_sep": 0.45966604351997375,
      "ana_sep": 0.15788650512695312,
      "lrn_sep": 0.6280447840690613,
      "raw_gt_mean": 0.3983471989631653,
      "raw_ngt_mean": -0.06131884455680847,
      "ana_gt_mean": -0.0818481519818306,
      "ana_ngt_mean": -0.23973466455936432,
      "lrn_gt_mean": 0.7106451392173767,
      "lrn_ngt_mean": 0.08260037004947662
    },
    {
      "sentence": "counter direction cars in the left",
      "expr_class": "appearance",
      "n_gt": 2218,
      "n_ngt": 2346,
      "raw_sep": 0.37670469284057617,
      "ana_sep": 0.37670469284057617,
      "lrn_sep": 0.38839834928512573,
      "raw_gt_mean": 0.22052516043186188,
      "raw_ngt_mean": -0.1561795175075531,
      "ana_gt_mean": 0.22052516043186188,
      "ana_ngt_mean": -0.1561795175075531,
      "lrn_gt_mean": 0.0630660206079483,
      "lrn_ngt_mean": -0.32533231377601624
    },
    {
      "sentence": "counter direction vehicles in the left",
      "expr_class": "appearance",
      "n_gt": 2218,
      "n_ngt": 2346,
      "raw_sep": 0.3774039149284363,
      "ana_sep": 0.3774039149284363,
      "lrn_sep": 0.39052119851112366,
      "raw_gt_mean": 0.220833420753479,
      "raw_ngt_mean": -0.15657047927379608,
      "ana_gt_mean": 0.220833420753479,
      "ana_ngt_mean": -0.15657047927379608,
      "lrn_gt_mean": 0.05796896666288376,
      "lrn_ngt_mean": -0.3325522243976593
    },
    {
      "sentence": "left cars in the counter direction of ours",
      "expr_class": "appearance",
      "n_gt": 2218,
      "n_ngt": 2346,
      "raw_sep": 0.37850889563560486,
      "ana_sep": 0.37850889563560486,
      "lrn_sep": 0.429308146238327,
      "raw_gt_mean": 0.22160087525844574,
      "raw_ngt_mean": -0.15690802037715912,
      "ana_gt_mean": 0.22160087525844574,
      "ana_ngt_mean": -0.15690802037715912,
      "lrn_gt_mean": 0.09526408463716507,
      "lrn_ngt_mean": -0.33404406905174255
    },
    {
      "sentence": "left cars in the same direction of ours",
      "expr_class": "appearance",
      "n_gt": 215,
      "n_ngt": 948,
      "raw_sep": 0.1194612979888916,
      "ana_sep": 0.1194612979888916,
      "lrn_sep": 0.09968820959329605,
      "raw_gt_mean": 0.1736055463552475,
      "raw_ngt_mean": 0.0541442446410656,
      "ana_gt_mean": 0.1736055463552475,
      "ana_ngt_mean": 0.0541442446410656,
      "lrn_gt_mean": 0.21416817605495453,
      "lrn_ngt_mean": 0.11447996646165848
    },
    {
      "sentence": "left cars which are parking",
      "expr_class": "static",
      "n_gt": 1544,
      "n_ngt": 3020,
      "raw_sep": 0.24832741916179657,
      "ana_sep": 0.3672322928905487,
      "lrn_sep": 0.4076172113418579,
      "raw_gt_mean": 0.2684149742126465,
      "raw_ngt_mean": 0.020087558776140213,
      "ana_gt_mean": 0.6387392282485962,
      "ana_ngt_mean": 0.2715069353580475,
      "lrn_gt_mean": 0.4924626350402832,
      "lrn_ngt_mean": 0.08484543859958649
    },
    {
      "sentence": "left vehicles in the counter direction of ours",
      "expr_class": "appearance",
      "n_gt": 2218,
      "n_ngt": 2346,
      "raw_sep": 0.38213104009628296,
      "ana_sep": 0.38213104009628296,
      "lrn_sep": 0.4262341856956482,
      "raw_gt_mean": 0.22173388302326202,
      "raw_ngt_mean": -0.16039717197418213,
      "ana_gt_mean": 0.22173388302326202,
      "ana_ngt_mean": -0.16039717197418213,
      "lrn_gt_mean": 0.08181539922952652,
      "lrn_ngt_mean": -0.34441879391670227
    },
    {
      "sentence": "left vehicles in the same direction of ours",
      "expr_class": "appearance",
      "n_gt": 215,
      "n_ngt": 948,
      "raw_sep": 0.1198163628578186,
      "ana_sep": 0.1198163628578186,
      "lrn_sep": 0.09970322251319885,
      "raw_gt_mean": 0.17355991899967194,
      "raw_ngt_mean": 0.05374355614185333,
      "ana_gt_mean": 0.17355991899967194,
      "ana_ngt_mean": 0.05374355614185333,
      "lrn_gt_mean": 0.20026390254497528,
      "lrn_ngt_mean": 0.10056068003177643
    },
    {
      "sentence": "left vehicles which are parking",
      "expr_class": "static",
      "n_gt": 1544,
      "n_ngt": 3020,
      "raw_sep": 0.24996384978294373,
      "ana_sep": 0.36886876821517944,
      "lrn_sep": 0.4059400260448456,
      "raw_gt_mean": 0.26845335960388184,
      "raw_ngt_mean": 0.01848951354622841,
      "ana_gt_mean": 0.6387776732444763,
      "ana_ngt_mean": 0.2699089050292969,
      "lrn_gt_mean": 0.46767255663871765,
      "lrn_ngt_mean": 0.06173253804445267
    },
    {
      "sentence": "moving cars",
      "expr_class": "motion",
      "n_gt": 1334,
      "n_ngt": 3230,
      "raw_sep": 0.18473294377326965,
      "ana_sep": 0.1926690638065338,
      "lrn_sep": 0.11203917860984802,
      "raw_gt_mean": 0.3271152973175049,
      "raw_ngt_mean": 0.14238235354423523,
      "ana_gt_mean": 0.041086919605731964,
      "ana_ngt_mean": -0.15158215165138245,
      "lrn_gt_mean": 0.40080830454826355,